{"HD_ACC": 0.6842105263157895, "BC_ACC": 0.951048951048951}